seed,numerRuns,rounds,outcome
5347875586892155169,1,25,loss
4347614202392999470,1,24,win
8823571739339303048,1,31,win
2402172278821705263,1,38,win
1314877626886693323,1,24,loss
5561854656996996691,1,39,loss
7297017874950364552,1,77,win
3064044615761586203,1,32,loss
8664265902099440319,1,70,win
3730404999292747926,1,27,loss
1034560149041697365,1,126,loss
6753008561248401684,1,17,win
7655263860413674018,1,36,loss
8873014926726448395,1,43,win
5378483018248393368,1,28,win
7032352643086994746,1,46,win
9163086203570583865,1,41,win
285041483393109229,1,18,win
1079097945563107274,1,43,loss
811775576599166617,1,16,loss
604635837877424229,1,107,win
53606479399026714,1,8,win
6352568307539845864,1,80,loss
542422838496838861,1,29,win
7897648830184430692,1,52,win
6074133729917745241,1,36,win
8086151317502264582,1,47,win
5666384982490697606,1,19,loss
6706660714263604376,1,65,win
3940711732536172062,1,16,win
1503929917046359151,1,16,win
4663987503521572722,1,35,win
2725438614329802461,1,29,win
8726227476577357693,1,51,loss
4841829340669225868,1,38,win
3947670637220276010,1,30,win
8786603318601304089,1,19,loss
380079865114638904,1,37,win
1061144181728526328,1,17,loss
4941105584345370282,1,32,win
3396017023038118009,1,52,win
563864678721797003,1,16,win
7331367599159736204,1,17,win
3060344478912775593,1,17,win
4334211274533219376,1,39,win
2079888364805295607,1,70,loss
6895727800406554602,1,63,win
874968412599074163,1,36,win
7513586064702135379,1,40,win
8010054327349014651,1,20,loss
5162080032852909840,1,73,win
8425362749579346825,1,40,win
3948650335739290042,1,71,loss
2781129443369369520,1,28,win
5405362808001767699,1,54,win
1075763115849173840,1,46,loss
7283166683908972523,1,49,win
5059757798364544637,1,22,win
2430415329301100269,1,12,win
4408599568353421525,1,37,win
6879443506304860353,1,26,loss
961163718882462254,1,83,loss
3726525256445905346,1,39,loss
4883162273198634129,1,45,loss
2424419575396069467,1,37,loss
4612229647312071994,1,37,win
5625610483495208807,1,42,loss
8243501648917402643,1,36,win
1182622233672485674,1,16,win
5343102253142675407,1,35,loss
4710719368567368756,1,46,win
3558185724502438830,1,7,win
7783682585353860873,1,20,win
6495610125778508837,1,48,loss
4021686053366820500,1,74,loss
5609030840745680770,1,48,win
6692886177242401344,1,33,loss
8779579896110381940,1,17,win
7265963503673060277,1,24,win
3153513815685968534,1,53,win
2990287291961561656,1,51,win
4948308328387811504,1,51,win
245252142292659714,1,10,win
4655660049103937616,1,17,win
765141895977751678,1,35,win
570436349027138716,1,54,win
2212897251609018713,1,25,win
6772735986260390770,1,17,win
4671890468569908538,1,41,win
3463654269031567147,1,16,win
8598059009644812182,1,79,win
1737618189630387524,1,39,loss
2153788083978606662,1,67,loss
8859126063667093352,1,31,loss
7394772957464781242,1,60,loss
4634784886166892114,1,11,loss
6075996629926429701,1,83,win
2214900687852023752,1,33,win
9048104050268189917,1,21,win
608468537293395668,1,20,win
4053187115977649287,1,68,win
3629841528223372184,1,17,win
4695611623453538321,1,26,win
1000101209797792150,1,45,loss
6883451490954507546,1,27,loss
8054289740944702575,1,33,loss
1453450526861943141,1,25,loss
2530184480554230558,1,44,win
495175899191400065,1,25,loss
1164650252139669146,1,37,win
7523648241511919468,1,11,win
5003447751191231342,1,45,win
7459237176987728840,1,17,win
6300483502251830939,1,41,win
5619501686353607843,1,80,loss
2087868765041693514,1,22,loss
8173290077426194146,1,26,win
2212596514450186866,1,15,win
8579034742161137167,1,22,loss
1748714264994563620,1,30,win
5453002774949003362,1,39,win
2800482446401685525,1,22,loss
3992140894335241643,1,32,win
6851722983349308751,1,43,win
5346228012516914915,1,81,win
2204445447795041116,1,47,loss
9136671184689594398,1,44,win
5187644320266969822,1,62,loss
7718427134296140016,1,27,win
8502806173437973504,1,90,win
201067385048648255,1,17,win
1555226649045737289,1,36,win
3793955728901198720,1,78,win
2737574676939369233,1,5,loss
7908247182877271265,1,73,win
3533038443942361479,1,37,win
2653768840283059395,1,44,win
4899634942334167179,1,12,win
6031341505220896000,1,39,win
7790894277537140938,1,34,win
2383487633774627016,1,38,loss
5588388822426169508,1,40,win
1660303738240527464,1,65,loss
5058891178089252933,1,68,win
8745753776316627893,1,37,win
2163025870344800901,1,17,win
6911046112892084860,1,77,loss
4057033758412541974,1,45,win
5471027468969138089,1,31,win
4999390561313132813,1,28,win
1927736122700096641,1,34,loss
8207604492108388553,1,68,loss
1339689051402702722,1,72,win
7948866971540861568,1,80,win
390839057952019966,1,33,win
8818158220649431922,1,96,win
5510712907088561715,1,74,win
8738104107391883451,1,72,loss
1492740178477113437,1,34,win
4990963997358588916,1,25,win
896507609156146183,1,62,win
7717695466245151092,1,44,win
3494323950795073577,1,5,loss
648477253167228109,1,19,win
7330333617289615938,1,23,loss
5731469511689282848,1,45,win
8274084597206075200,1,45,win
6119833170559367749,1,106,win
7757255811592434990,1,50,loss
6645284012686327895,1,27,win
4679160000469284451,1,93,win
9005123050234929143,1,32,win
133302011992953282,1,75,loss
6581818999648114708,1,31,loss
8696302646873513677,1,32,loss
9052574546229878740,1,58,win
2679298458487685467,1,59,win
737494903342406567,1,32,win
2077836888883431378,1,25,win
689738774704859064,1,32,win
7664010435994119551,1,20,win
5100863552164953126,1,28,loss
7390357129046388984,1,18,loss
3426722974792361624,1,41,loss
5217983666285515074,1,57,win
4738288695029210284,1,23,win
7005078021576928504,1,33,win
6683264273583921316,1,39,win
8824024789554517769,1,35,win
6995468162260246966,1,34,win
5154766210231386211,1,44,win
7115841597043683013,1,84,loss
1471836658517523044,1,41,win
7623006199727097155,1,33,win
4332031879887614562,1,57,win
2759075496543602994,1,23,win
6659962365271702133,1,34,win
4491717288251709197,1,21,win
5670945242384857556,1,78,loss
3220715861168066736,1,8,win
1177197693806114892,1,25,win
4694990488287631365,1,74,win
2160510434527675263,1,72,loss
6047312348214161087,1,26,loss
7122742393898491120,1,25,win
6509059249682187882,1,76,loss
2681238516274335305,1,21,win
1091034520260084733,1,36,win
6589728031022016187,1,32,win
2412011458160953061,1,16,win
9013896117597076848,1,61,loss
5472015055458853818,1,34,win
7631940570339605041,1,67,win
8948146077824124663,1,32,win
5156193856824332475,1,19,win
6642070633408114003,1,16,win
944049890289234242,1,26,loss
7658055423679044791,1,62,win
2123442590701459008,1,91,win
6263989689851956347,1,60,win
4973023591028103923,1,33,win
8037867943952074420,1,101,loss
6154077018302010779,1,69,win
8663412093205216281,1,33,win
7864586595558858469,1,61,win
3523183345296401124,1,26,win
5935403172936500719,1,32,win
2208053922408603788,1,16,win
5985712641281355937,1,26,win
6317686182230683854,1,33,win
3125352069878560771,1,35,win
27475166663897126,1,25,loss
4487287244334657998,1,39,win
2816266096556724397,1,52,loss
3568166446402164380,1,80,win
2993706310865313135,1,42,win
8635359852199527074,1,16,win
7130649607150825141,1,34,win
8416036420367481903,1,53,win
6865980175375119464,1,71,win
5818174593951266132,1,19,win
8828154659809431316,1,61,win
4484887680464781765,1,31,win
990094702594006524,1,69,win
5939425541152228824,1,87,loss
7275049400474849060,1,22,win
1363810415012500640,1,34,win
8147863314131492766,1,57,win
2184850804918123918,1,33,win
995524739735186785,1,47,loss
2803696276417371083,1,27,win
8499519158409718083,1,38,loss
3063098798999635688,1,19,loss
4288491184930833699,1,50,loss
3875910681911259817,1,31,win
2995210666102969905,1,31,loss
3316044399751718822,1,51,win
6037930753217559981,1,23,win
5874504931631222184,1,21,win
1970081160525842241,1,34,win
8451868162974275857,1,38,win
5005392963719272744,1,45,win
6821998793460164589,1,27,loss
1865935811128650374,1,22,win
7657927889466592469,1,28,loss
2130474993006023947,1,5,win
1381191112795497913,1,10,win
971849328710206195,1,91,win
8086528635174119128,1,77,loss
4781808166675803519,1,36,win
271577225544644842,1,111,loss
5794663663975623259,1,9,win
2476161640915025554,1,28,win
503758063711299905,1,38,loss
8473891152944033879,1,22,win
3510067059050842346,1,34,win
8993064493009726947,1,45,loss
3355582697642604974,1,53,loss
5560628771817624312,1,20,win
1021503606013430057,1,33,win
8367843263254308336,1,20,win
4085780272098769422,1,31,loss
3117010794780645337,1,33,win
6255224775435080808,1,67,win
3204550812015898869,1,25,loss
1570471814464979540,1,32,loss
5870054047140982687,1,68,loss
443238221398071519,1,59,loss
3197904986244875221,1,32,loss
5928794955798482586,1,33,win
1067580763330945308,1,21,loss
8958514574994714170,1,32,win
6075602387961132005,1,29,loss
4530162612208154950,1,43,loss
7619504314357802928,1,22,win
5480878546665944597,1,23,loss
7397970651996822278,1,52,win
3426930021461922358,1,13,win
1096391610821939524,1,21,win
2014262250044523920,1,61,win
1340483068418881970,1,21,win
7265655214579211456,1,20,win
1618090338968623810,1,34,win
7012766436004316849,1,29,win
4414401646593566678,1,27,win
711295920022023600,1,68,loss
3472133265212906637,1,30,loss
1764415329212654750,1,26,win
2407465341229461536,1,17,win
5518742184911202584,1,22,win
630724368147904281,1,35,win
910686790349178175,1,31,win
5169271437739183885,1,5,loss
1503899392445967442,1,25,win
7300764327335802864,1,19,win
2989532955991472436,1,34,win
389526790981155185,1,44,win
4858278409411564783,1,38,win
3004324156168761112,1,41,win
1092131011388167631,1,28,loss
7674516546136255503,1,28,win
5719762265396930288,1,94,win
1623799142934494260,1,84,loss
7213321489469707852,1,26,loss
3512357320799579762,1,32,win
6992667683833531937,1,19,win
3886709285803176051,1,31,win
8593145622884987862,1,25,loss
7816419865820279305,1,26,loss
559400501256364192,1,25,loss
6440376456768865891,1,41,win
1984864769648503356,1,31,loss
6710474424931903893,1,104,win
3785604378888405801,1,44,win
1133494850586169553,1,17,win
6732075852392062377,1,77,loss
1242028914355042869,1,25,win
8536854363459056157,1,60,win
4054198853436174563,1,31,win
6336152603337727773,1,29,win
354750400847001782,1,25,win
4615155627438903620,1,35,win
5364562791047730365,1,111,loss
2325490692469595463,1,28,loss
4819670459504927557,1,69,win
5050302887228600837,1,27,loss
4474454778044291462,1,45,win
1566811257510905342,1,19,win
297991149901198836,1,36,win
4805804233625213553,1,31,loss
19169812973634561,1,49,loss
3804222872153700832,1,31,win
1283015834708833424,1,27,loss
446700141151348203,1,62,win
3066974562657440589,1,41,win
1228204586039452933,1,28,loss
8621150821938865925,1,18,win
6427275169190157725,1,40,loss
8517370573297125797,1,16,win
5430630531840329710,1,43,loss
4059267738598845322,1,39,win
6117762784743347864,1,20,win
2717028628634793516,1,32,win
5623413543738356514,1,24,win
4814277829587698864,1,38,win
2209198257819533641,1,70,win
8455997266278942967,1,36,loss
6337141150810808238,1,27,win
3809907334512316117,1,41,loss
952452413461056878,1,57,win
6801871458996953787,1,54,win
4070347148677786425,1,53,win
8660360281097128715,1,43,win
4247581893104120360,1,17,win
3686201475099327448,1,26,loss
6600754819860099422,1,24,win
1222189413294427036,1,41,win
4460124528985858774,1,16,win
1047730849526234478,1,35,win
486189666532769351,1,26,win
2840809528236447041,1,30,loss
3518237721780321297,1,54,win
8940039712257541285,1,46,win
2912035551676126786,1,46,win
302190517945989331,1,31,win
7568068016230422468,1,49,win
8939781400231761847,1,39,win
4937200538304390885,1,25,win
6380664042368324816,1,32,win
1660350974758533432,1,22,loss
7937590867132556957,1,45,win
1815362667340891234,1,29,loss
8527552549056842185,1,38,win
1543026856425217128,1,43,win
3978533672475977667,1,16,win
774276973253232668,1,36,win
2278560415900099536,1,22,loss
1097061804851104756,1,16,loss
6952726560416177522,1,40,win
8807205629350689568,1,81,win
7682951672770235105,1,57,win
4913256346080731869,1,35,win
3693420445622258857,1,5,loss
8986258561692274434,1,58,win
2812715282675332693,1,107,win
788410267942727192,1,38,loss
6346790109466049831,1,33,win
9108620666537692865,1,36,win
2181624322072061647,1,25,win
9017945295388559077,1,55,win
7516081054292144204,1,17,win
1589960950475338784,1,32,win
225480699434826410,1,50,win
6364894783118340010,1,28,win
3727888940951763244,1,24,win
2834375131672961746,1,22,win
6643993375205771416,1,17,win
1712991860371899230,1,32,win
2490540048798191355,1,41,win
1792170429214889668,1,39,win
2040157780943156122,1,25,loss
1051136543327059812,1,34,win
3460949807910315222,1,77,win
2431097440677533492,1,38,win
4754924988186944589,1,26,loss
248935057198841878,1,27,win
5885136048794952951,1,21,loss
6003628684811335788,1,32,win
7207762370480422411,1,22,loss
3709454655293272546,1,29,loss
9058639334408176391,1,16,win
8022506721741253902,1,31,loss
4595243700121450632,1,51,win
1767111294705236086,1,25,loss
7819429389770126904,1,37,loss
2186654958075919636,1,70,loss
5651094144353272672,1,34,win
4137408232858915779,1,74,win
6652523523318074050,1,40,win
5750759109499685354,1,25,loss
1638118774351530562,1,92,loss
5732944713512695167,1,27,loss
2109374550326923677,1,18,win
4234778677907694627,1,17,win
1347933907964011777,1,39,win
2830142708634809280,1,30,win
7308944401748610220,1,35,loss
1444640385835657757,1,29,win
7240478981602540323,1,49,loss
1633234943118241545,1,35,win
8390653630781149701,1,33,loss
1473556758265353782,1,28,loss
8314158052197798357,1,83,win
3543475700051086097,1,51,loss
2087672317036270287,1,33,win
5912086749646690777,1,59,loss
4246282512190400694,1,68,win
2419230882915499703,1,51,win
7601470300726802814,1,42,win
6768593128306036861,1,25,win
3169000223259022531,1,77,win
6550703411938299778,1,42,win
7975391242112840866,1,30,win
4014885666359783796,1,54,loss
6945926994581269512,1,21,win
4333511729326177999,1,26,loss
8679154434895683891,1,59,loss
2857357661659502931,1,44,win
1923252699116152489,1,98,win
7305902454007097271,1,33,loss
4837945594281717425,1,26,win
3089977284209772015,1,32,win
6165185127260816449,1,15,win
1607619366435103934,1,22,win
930984728016993694,1,32,win
7210367545112386353,1,21,win
3398174817896376452,1,36,win
1448102818340434349,1,79,win
7017622564400749891,1,24,loss
5524536823120653034,1,51,win
2729093369388382693,1,78,loss
7489878944141468196,1,33,win
8137014329408456315,1,73,win
2296197957346607023,1,30,win
9052139064494898316,1,57,win
5736474184515007225,1,45,loss
6938589294059216956,1,29,win
2992052333790058084,1,85,win
1592028189205380494,1,38,win
3015683651654958820,1,75,loss
8117995980982949995,1,61,win
2402262016326289752,1,24,win
7884368084026741693,1,24,win
841949202784538247,1,5,loss
399003559713871256,1,40,loss
7450155929672645705,1,43,win
822826450256670435,1,20,win
5025695129490190462,1,16,win
2607294237534155855,1,23,win
5153583539824114158,1,39,win
7506423223422383318,1,28,win
1062300256269339408,1,18,loss
99299161859182064,1,34,win
3359542267195368500,1,30,win
2655421944947879424,1,19,win
4498588533063253269,1,34,win
8342552939515190333,1,44,win
6419846372114872057,1,105,win
8984030976962139884,1,37,loss
7304473519847915047,1,115,loss
2470965315599733274,1,30,loss
7578435823547324203,1,22,win
3257521329098332155,1,40,win
923241133829246949,1,49,win
5901773877923316588,1,21,loss
7392103357046400212,1,23,loss
4193272191510101707,1,71,win
6065300882142398124,1,22,loss
2472794158843959922,1,53,win
8638587120892232235,1,23,win
197829402393967064,1,17,win
5890341322427515889,1,80,win
3894668493294523833,1,72,win
7191330266827960664,1,20,loss
3852345210108345680,1,16,win
8120950642212605977,1,26,win
3958154184087704168,1,34,win
6323571865709983848,1,34,win
4906587611534206570,1,28,loss
3273870771505832580,1,43,win
7597093204852630771,1,43,win
2596169814583884302,1,20,win
4328126573356717478,1,5,loss
8568453119729532256,1,39,win
3536232912374361674,1,24,win
756897235347431336,1,37,win
496666173316462099,1,17,win
1528777930567866436,1,20,win
88960398304277729,1,77,win
2909282837714475015,1,30,win
8772719132415323010,1,16,win
426609063959368299,1,78,loss
7061231284471308121,1,36,win
6422908336942720779,1,57,loss
4036283784687200269,1,74,win
1792125222205559865,1,59,loss
3010944713935609715,1,33,loss
683848902012311505,1,75,win
8694408440890730228,1,16,win
1386028279304602514,1,24,win
3736947454190505375,1,81,win
8429869881458419488,1,30,loss
4747649638659645732,1,43,win
3832595139045794543,1,17,win
4892999396595512548,1,32,loss
8476969678285147003,1,13,win
2328842325879236623,1,50,win
809403511430569551,1,80,win
1677031818271041251,1,56,win
813100642070867022,1,21,win
1637799045101497820,1,29,win
8775449969899916557,1,49,win
1149084936402268244,1,39,loss
630890735721058253,1,40,loss
2870562810154858665,1,63,win
1721324556419814385,1,21,win
6434811851028400181,1,63,loss
31531039750832487,1,20,win
4925031316094347400,1,9,win
502717652042648939,1,41,win
3245108277965086484,1,75,win
5214651986454961991,1,98,win
1285306921020410258,1,50,win
3528564978037729738,1,65,loss
6079541463285864956,1,13,loss
8660094268660964793,1,31,win
6439980900603441993,1,28,win
5858707933957065194,1,17,win
2416338420119436544,1,27,win
1636995983268638928,1,36,win
2071551561826000512,1,50,win
5346302037518314860,1,44,win
8024953575380226361,1,35,win
9140867868017089842,1,40,win
441654791366830838,1,25,win
189239467468714235,1,24,loss
3973556968335890737,1,21,win
7809034947240269403,1,16,win
6461032636431864340,1,25,loss
3395763928548088752,1,34,win
2189487748868207662,1,27,win
4129263063024608751,1,22,win
550836129938803316,1,29,win
8345788777081930660,1,94,win
9074302643046605171,1,66,win
1344275489309247482,1,43,loss
6117034420772738571,1,57,win
2904996105259331970,1,42,win
8082167122499088852,1,36,loss
5858072037388874934,1,80,loss
8706563153671328597,1,27,loss
2259710642121234181,1,59,win
775099311569977531,1,40,win
1723859308728979455,1,37,win
7969706970831746665,1,16,win
3243671930554953275,1,41,loss
4320285208006723579,1,23,win
7079919502639534920,1,31,loss
8602235866223983718,1,56,loss
5693346285526436699,1,14,win
4723352897893094378,1,56,win
1179464251899581678,1,38,win
2930108651377766253,1,31,win
8603560408291565034,1,57,win
6415633085688756088,1,9,win
356561433474951604,1,9,win
2899920531196855045,1,48,win
4873081394275015695,1,44,loss
3701850639853067925,1,34,win
5826610469889888859,1,85,loss
6228746683498652733,1,11,win
8037804247263171563,1,17,win
5644230234474623042,1,15,win
3829804134328777699,1,17,win
4810134688867734082,1,57,win
5487864778360951467,1,37,win
2859151529629512534,1,15,win
574700406043622763,1,25,win
3964681881889909144,1,62,win
8038317824407205971,1,64,win
5216659373161926153,1,55,loss
2029095629798910203,1,47,loss
9102951886647854214,1,55,win
2715749356181490101,1,93,loss
7117952704557507181,1,26,loss
2149670966808878870,1,37,win
5567450825397812643,1,16,win
4263162603898424527,1,31,win
2657900055077435423,1,41,win
8020941842178083091,1,71,loss
5259355375162692115,1,55,win
7078546651045330948,1,24,win
4203414193377437638,1,17,win
7052210986012844592,1,50,win
8099521352346203474,1,20,win
2177964463733802989,1,29,win
8283757085162676899,1,33,win
5926114903073623834,1,106,win
6715975582749809165,1,82,win
4808522310043993205,1,101,win
3074911234986020767,1,25,win
1861935750778743608,1,65,win
8391231628202227297,1,34,win
3685152418298453569,1,22,win
4030680248682171396,1,33,win
8912804810303958527,1,48,loss
5928301860808396159,1,62,win
3747767014371653983,1,71,win
6465116243887885031,1,71,win
3368588529491555863,1,21,win
7448243572244206298,1,45,win
2234999583805768491,1,5,win
4919987822182511278,1,16,win
8391125310410652047,1,32,win
6026448788145908753,1,33,win
7008399078156051870,1,58,win
998876414751230974,1,36,win
7470323901692522915,1,29,win
1316973783222400683,1,20,loss
3813172487051393043,1,78,loss
456144705765251871,1,45,win
7728372744982057427,1,29,win
4137640665316853367,1,25,win
316683048990850744,1,55,win
2043756026140771808,1,5,win
3984627125247166950,1,31,win
4026171420625408107,1,32,loss
8311311332335184850,1,50,loss
6078855184690525466,1,85,win
3085870830644022072,1,41,win
2031447495959069779,1,24,win
8085683212005835867,1,18,win
437334028482080182,1,41,win
9017884332362978617,1,16,win
104052098672101342,1,11,win
2169602674960055168,1,33,win
3852016391952634076,1,42,win
1348326001584764797,1,62,loss
372010290013308760,1,33,win
5154749794494299247,1,27,win
7153652863230404412,1,56,win
8707114783396454321,1,9,win
3723889930843352424,1,55,loss
5598202277756361417,1,28,win
2407308900617302601,1,34,win
1172660903745799047,1,137,win
3849099126646780556,1,67,win
1289488978553364652,1,17,win
3302956287817898811,1,31,win
7320014959203820019,1,26,win
8490349978974352730,1,22,loss
2859526989691728545,1,32,win
6249892559971285773,1,9,loss
5418771448759766142,1,28,loss
627368785371782242,1,30,win
5272708944067384239,1,23,loss
8264604652111978718,1,80,loss
3818038363544301384,1,57,loss
1025797934505954687,1,18,win
7577026574880938603,1,38,win
569533096207296873,1,27,loss
1027198453010613535,1,36,win
204219883636480060,1,33,win
8574569965205458462,1,42,loss
3032115082096623874,1,20,loss
8423136831639236001,1,42,win
1757020059984273583,1,47,loss
3024038827056590791,1,39,win
6608924533577116698,1,41,win
3266982297868986513,1,40,win
1922362652139880045,1,20,win
6606849993129961366,1,40,loss
1698383976834669875,1,21,win
7419670523798081261,1,37,win
3096433971969006252,1,68,win
5244206371713591846,1,32,win
1911834513993819393,1,34,win
3338023805538882569,1,22,loss
781186651248718351,1,31,win
1688739741232987792,1,19,win
7696514895906127848,1,16,win
1953085515779055540,1,25,win
7160435862213977790,1,16,win
2301529879617587817,1,23,win
7110507675971753399,1,81,win
3031741023574866945,1,38,loss
2070407010925332050,1,38,win
9087140930085127382,1,20,win
3537694103747632950,1,25,win
7122951235090132930,1,27,win
8791541942607161240,1,44,win
9118098632715025146,1,8,win
5526992854314800993,1,9,win
4227034927720175370,1,53,win
8936365721772569216,1,46,win
9136476463100812812,1,17,win
5899035419632654491,1,28,win
2628760745444748850,1,17,win
3289917020408774139,1,18,win
7778627642178189982,1,69,loss
917434833963713892,1,39,loss
7895419752473344297,1,39,win
9199327852566833396,1,20,win
3973425554009070989,1,80,win
8023604315321094620,1,63,win
6990717787888575117,1,77,win
1108682140186305672,1,29,win
2458267852532600214,1,20,win
3997300527398173193,1,57,win
5946123798452520189,1,30,win
3726724270957902351,1,32,win
83417834395502031,1,71,loss
4726265109869808924,1,35,win
8851368631976571372,1,35,win
5511873300428976632,1,35,win
1807701619968516113,1,56,win
7880977581649243301,1,50,win
5152802278964708200,1,41,win
3143841680459846302,1,91,loss
5382482514240779543,1,34,win
2039614139149809493,1,98,win
645237415218657516,1,48,loss
8464800965627850905,1,25,win
7842941913257750455,1,20,win
5412754816863877810,1,53,win
4246016127372038087,1,38,loss
5074516538566577448,1,17,win
2036471617022193715,1,58,win
874797128274672090,1,35,win
2142165304997865586,1,53,win
848575277313426797,1,36,loss
2572452190765991354,1,84,win
6508550218790443304,1,13,loss
3450113232113822375,1,5,loss
7643023820369703266,1,17,win
4163377445274004267,1,22,win
5693255632517152944,1,71,win
4075611060673174526,1,40,loss
2830402200237954331,1,13,loss
779680068240595120,1,8,win
5219699848462972368,1,30,loss
1604880015733479776,1,38,loss
2363307689765925155,1,25,loss
6386111049593016031,1,80,win
917713429279900044,1,16,win
1624340489818029533,1,42,win
7876547692642163889,1,33,win
330854496442254260,1,32,win
640086177886381220,1,35,win
5571630679799200215,1,6,loss
6171249509875611827,1,89,win
4297842495266909062,1,33,win
2127562825530012139,1,22,loss
4397360566863370577,1,90,win
662900546080180217,1,34,win
2477795115875018924,1,41,win
3670344962926503900,1,29,win
2843418039452044818,1,75,loss
1005120728241459642,1,44,win
8972153834027213017,1,28,win
3801631480754419184,1,43,win
2947752226634205293,1,18,win
8237254103313582801,1,72,loss
4570022610272222895,1,29,win
7359150286052564002,1,32,win
5899403209878698897,1,28,loss
1161034477368783727,1,23,loss
4501535677745979951,1,44,win
8973502581200911462,1,34,win
61767319895647173,1,32,win
7133000136631737008,1,36,win
1570611463131557339,1,26,win
3786771658071766628,1,29,win
7056074314559731362,1,17,win
1411632629012353330,1,91,win
4687204873659872418,1,30,win
1928946008414069039,1,29,win
550878819751888046,1,21,win
8233502559139856518,1,108,win
6327525883052028058,1,74,loss
4075947412481334782,1,21,loss
3101072874594617985,1,61,win
2520877655145646737,1,34,win
1381282096827513663,1,38,win
7749857056724232460,1,81,win
5070455953705205518,1,50,win
4595907641094658140,1,51,win
6926072272127238848,1,38,win
8568502895974886702,1,73,loss
4606536188931581423,1,33,loss
3644077210764549996,1,32,win
1186173849104628237,1,56,win
5615688390745974147,1,30,loss
4696506155464598966,1,49,win
8539849600765809709,1,37,win
5538438449581096568,1,58,loss
2695595139918688413,1,35,win
7572911561103992234,1,28,loss
1230068525889536302,1,72,win
2485775469231846600,1,34,loss
8142069019932448738,1,133,loss
9154194590503249676,1,34,win
1487801655473303189,1,74,win
783165471183942924,1,28,win
2073326667786672306,1,47,win
5314724508346521963,1,31,win
4445996408497784900,1,53,win
7678511834484139508,1,45,win
6131652145645879525,1,42,win
51371629283422673,1,34,win
6906216102000438031,1,61,win
4872625606781833180,1,21,win
2426278778172521189,1,40,loss
7633013923997315073,1,61,win
5556464304633913956,1,30,loss
703736666182336772,1,20,win
3949909649131234346,1,137,win
5060673776703553207,1,22,win
8326010072151313913,1,55,win
2373155272189800423,1,43,win
5561511471553606446,1,91,loss
3765139929478865463,1,21,win
7815717876280597615,1,41,win
1662563789018856402,1,39,loss
9014250702490309477,1,52,win
678620469036070595,1,75,win
8650084036273545690,1,14,win
1353326113871938095,1,34,win
3719934740730892257,1,36,loss
4621549619166950724,1,26,loss
5409452463988443473,1,38,win
3928839392085809850,1,32,win
8732648513925955772,1,32,win
6808329144384020159,1,55,win
1899312163262813126,1,29,win
5254177065531431224,1,42,win
1507255538920538295,1,35,loss
6569029653866656594,1,29,win
2928153503317602237,1,24,win
3006753654233410318,1,42,win
6477568165396592161,1,38,win
8966303189288041754,1,28,win
3355157036944180217,1,33,win
8783626607949757112,1,33,win
5930499847804216359,1,59,loss
3047918682316379710,1,26,win
5682419899258292347,1,86,win
4345725678517899324,1,33,win
1104260699867116924,1,33,win
3773446307574819989,1,40,win
7301958337555562727,1,75,loss
1516967911828861622,1,67,win
2469141863801799316,1,32,win
5955403178042525420,1,14,loss
7866822193907704954,1,15,win
2992415262500245716,1,58,loss
9111585890910960516,1,33,win
1281636261575820017,1,16,win
8605527436861330251,1,5,loss
627589580067316720,1,34,win
1801681892716269071,1,31,win
8924631525987371205,1,18,win
5723703053644216189,1,32,win
1705767471852499007,1,32,win
7586909974398304940,1,16,win
3925867742938089689,1,85,loss
4610120163825198689,1,17,win
851457825868473641,1,61,win
6799156637529839453,1,23,win
5867975083890324640,1,49,win
2491931543035245343,1,66,win
4816052002046934726,1,20,win
980850665895282160,1,32,win
5014889779489414880,1,33,win
265228382466805256,1,43,win
4174113872331896947,1,45,win
7565121697044257,1,26,win
2049599389183150596,1,16,win
3855206665449385877,1,34,win
8384685488956082184,1,20,win
9115358167700978789,1,64,win
4641864173676542258,1,32,loss
6488944347716995105,1,18,loss
3672560413254223142,1,26,loss
1660666296319275911,1,75,win
7708693624904107945,1,27,loss
1591932460505605792,1,42,loss
4881897206235327795,1,43,win
3230103756109121976,1,104,win
2001921824354132812,1,30,win
6985673511304344198,1,44,win
2994258682822174878,1,32,win
4985480620957621309,1,10,win
6916071277019332355,1,135,win
5148989120257651772,1,23,win
8407446480031683503,1,87,win
3731714866275374885,1,32,win
6627518814883146404,1,92,win
2207318052955230310,1,38,win
8559702277447083129,1,93,win
2944000048214699251,1,85,win
8859112942364719097,1,83,loss
4557327085225287371,1,15,loss
3526752010555643265,1,35,win
4450526516995330133,1,41,win
3514006683875722244,1,67,win
7036958098307161360,1,24,win
8324176466968584531,1,23,win
1653128748017452623,1,27,win
3920795505798903786,1,29,win
5463178204511030481,1,28,win
156805526430965178,1,17,win
825685204801678294,1,40,win
7876693924729560152,1,44,win
1284515842227905899,1,48,win
6565985046106482212,1,36,loss
597036494353655718,1,25,win
2423213898078950072,1,65,win
4172892459721050261,1,27,win
7083179687296378304,1,23,win
6401973463909118764,1,32,win
4624159055592507755,1,29,loss
1112148780945143757,1,28,loss
3565306191430702106,1,37,win
1361249506141648585,1,56,win
7932604095918556753,1,50,win
4277090040303984147,1,41,win
839700395723477199,1,29,win
7251556258740391542,1,21,win
9075138842594805378,1,40,win
590663558566051116,1,71,win
6620591215458810331,1,111,loss
494415133155857556,1,38,loss
7880509501477683547,1,63,win
1337862892544052148,1,45,win
4377505506671184357,1,28,loss
722608134851502052,1,78,loss
904471588289069367,1,87,loss
6578591253777627348,1,99,loss
7791577134108371542,1,39,loss
8222256382058372756,1,45,win
2336335971706358680,1,131,loss
5905445276755201684,1,36,win
6190186309566096950,1,29,win
8582417768527651777,1,43,win
205115006812697020,1,40,win
3288778369928148580,1,33,win
2915477601862067227,1,75,loss
575425503459727705,1,23,win
7900113217453395399,1,56,loss
873760456310789225,1,47,win
2304459631056667622,1,39,win
4538064251848594576,1,28,loss
3251139632580326672,1,45,win
7372975527936455000,1,103,loss
2166781789792556947,1,26,loss
6117652163264118334,1,8,loss
7756689325722750431,1,64,win
4292262933758497156,1,65,loss
1053186806788419942,1,23,win
7491232124767334396,1,16,loss
5271047331509564671,1,80,win
7423239928883181630,1,69,win
3945126331127474994,1,34,win
8430530286595297635,1,32,win
2019283752158908714,1,50,win
6469784981884790284,1,47,win
5736584803734161088,1,21,win
7740279218154282545,1,47,loss
3810745817167867734,1,41,win
5866639198606253588,1,47,loss
6330769538705966251,1,27,win
5739400818866664770,1,51,win
6040202074224842488,1,41,win
1807767397482239631,1,16,win
2434465399115272150,1,74,loss
6089751250495801280,1,27,loss
3204470339732409135,1,38,loss
5015187493310755273,1,33,win
8300985499709097061,1,33,win
7187167770751475276,1,90,win
5131705044141932985,1,20,win
7199860585426914655,1,32,win
4719135571684108246,1,17,win
8787178930884902068,1,21,win
2417997882824744184,1,43,win
4538290449012885787,1,35,win
574944894193467174,1,24,loss
8308617800185576518,1,33,win
1696873582311573503,1,72,win
4490634423085938688,1,47,loss
3258041049306552060,1,105,win
4633518368049590828,1,17,win
8875972809520025811,1,32,win
5750820457935519435,1,30,win
4158332165761482069,1,79,win
5315722174208424761,1,40,win
8515060480548350742,1,44,win
925573483813341360,1,39,loss
6568720372822977182,1,59,win
7083591791534065242,1,53,win
4061131210319719403,1,35,win
2975236799418273059,1,37,win
1476915732709847597,1,32,win
5187288376961383468,1,30,win
3554186820723201369,1,35,win
2028485526519748939,1,31,win
6946100357258624623,1,17,win
2007608722903315561,1,45,win
3256110474814278697,1,75,win
8603855541974377152,1,28,win
292328709142346262,1,42,win
8529000061749948839,1,48,loss
5045020876017233595,1,42,win
7202031488421244437,1,25,win
9025721045788715773,1,47,win
2095275692382226072,1,21,loss
7363230329058985733,1,75,win
692312361331772752,1,40,win
8479633594757138289,1,42,win
3159150176116381683,1,28,win
8646905722075035209,1,19,loss
3880354259996180904,1,40,loss
5149667858813638756,1,28,loss
6336020295253466364,1,28,loss
7247315267467566488,1,57,win
4792282470480690365,1,34,win
8894839643794705898,1,23,win
5556170866226920560,1,46,win
7811372917828853260,1,77,loss
6492892748755196148,1,93,loss
420177632071163870,1,16,win
7179851768885327020,1,32,win
3718730034826532632,1,21,win
7938450907121197735,1,21,win
4535008748686253367,1,29,win
581335617632034081,1,49,loss
3764436916995346703,1,42,win
9074076333687738512,1,17,win
7098794930602383628,1,38,win
8669534154139299217,1,70,loss
2201016109420713024,1,37,win
8435970768356791060,1,64,loss
2161840596984317986,1,16,win
1994097009563912828,1,34,loss
4546813782768750203,1,22,win
1969986606069218557,1,35,win
6280184626778241700,1,28,loss
74787215587846089,1,28,win
5863573195193438967,1,30,win
636696604897812165,1,41,win
4973477416969169970,1,37,loss
1574818347574046040,1,31,win
8375808870693453923,1,9,win
471296220756219941,1,15,win
2923375693049577480,1,17,win
5466599441173964020,1,35,win
3290569484370156526,1,53,win
1137118708842930029,1,55,win
2595552878506087371,1,27,win
3809529944352177722,1,93,loss
7381353581620078674,1,26,loss
4331121515157559890,1,42,win
6063527523766911055,1,28,win
798808366945631102,1,5,loss
8742999792289112884,1,66,win
731616530026698168,1,93,loss
2962310980803101916,1,13,win
8749691087791342736,1,79,win
6071231262309912134,1,63,win
8941762160121850734,1,43,win
3478016255195407013,1,86,win
96353722487150786,1,76,win
4238353195192866168,1,52,win
3676118171200021787,1,20,win
425897988671109766,1,32,win
3856458103648468991,1,32,loss
4090440767405739586,1,47,win
6567543395281059706,1,57,loss
4165366956768224758,1,27,win
962017294530335717,1,52,win
6709675409194821622,1,42,loss
4473515563148595137,1,61,loss
5523548517103036596,1,35,win
8571578057310518498,1,53,win
2239088426726619132,1,30,loss
1366428335993277914,1,31,win
7955845805980940697,1,68,win
9023772540543738136,1,33,loss
3205379571070324733,1,47,win
2486329738798266343,1,25,loss
3375330726041237418,1,21,loss
6126843939348376389,1,36,win
309215241702701392,1,20,win
674520440555056366,1,23,win
9165608341424821096,1,13,win
1713355169681523216,1,83,win
2290644515899347409,1,39,win
704143452298763893,1,49,win
2938253560691823611,1,35,win
1595258242190628429,1,31,win
6707521744010204857,1,22,loss
5044580078684465615,1,32,win
6598298927047840224,1,21,win
4826730116367165514,1,65,win
8760617994112023019,1,27,win
3374386579177798786,1,45,win
1085956024312626051,1,16,win
3858898094797384420,1,34,win
4192260958197252827,1,16,win
3519616917130338862,1,16,win
4589792508928571505,1,21,win
6261362173503189846,1,37,win
1195285458322865819,1,52,loss
9179901193605874239,1,21,win
1024822151497978259,1,33,win
7368583729151926457,1,43,loss
2600232473502066702,1,45,win
1446777748463705422,1,27,win
2717550364251916581,1,32,win
1807055704435834092,1,48,loss
2926860081722027570,1,39,win
468580955651091589,1,88,win
3262856601415969457,1,25,win
5315297974481249498,1,27,win
7256307540370496684,1,23,win
4652631626622948614,1,32,win
7158051097848249127,1,41,win
2761206215849900490,1,25,loss
8607772375314350169,1,31,win
3844614970988139587,1,23,loss
7660841972917826583,1,16,win
5784352347999742895,1,21,win
3285977607685492799,1,17,win
1134668199649396304,1,29,win
213683124793666037,1,63,win
4086157012462804884,1,88,loss
3485865199995805458,1,31,loss
856540205950381764,1,30,win
5185739911093309791,1,21,win
3285347477999429097,1,68,win
7259678151922257579,1,54,win
3341838238896141456,1,45,win
8615539568390290308,1,27,win
381398374151462196,1,37,win
4810847507239321282,1,32,win
3018305051148144555,1,67,win
4360925500960318256,1,63,loss
3171960511317832964,1,43,win
4477106317488144926,1,33,win
582046033887090196,1,28,win
6613220037987908900,1,25,win
1545425174233370983,1,15,win
4392017357577661964,1,42,win
3664396504335539216,1,104,loss
6275082095373087034,1,40,loss
1925724869572185489,1,88,win
2559924389349412380,1,34,win
344318544412497439,1,21,win
5203239370068161956,1,35,win
2398591273051693176,1,19,win
5286564187089520307,1,15,win
8766937056448830744,1,22,win
416691511656538607,1,24,win
5795049508807074406,1,39,win
7990150003085777284,1,61,win
3129977374721001189,1,36,win
8044634394972527038,1,32,loss
1469248264326288129,1,21,win
6122643143703138849,1,80,loss
7384736358443951271,1,16,win
2547461140679431182,1,41,win
537136519858372014,1,76,win
994011691526527826,1,53,loss
2620023263915493558,1,52,win
5200780311722910233,1,47,win
1065618896715411310,1,25,loss
8883159466599466972,1,30,win
7073198353525275921,1,43,win
5589336978411547819,1,26,win
4931106951007904805,1,67,win
6979903862560791215,1,27,loss
3875765674887549545,1,98,loss
5713119978643138498,1,33,win
7067619314369558944,1,17,win
8407887021680244193,1,34,win
1899700788990851176,1,17,win
61207619047646647,1,33,win
5463441565064579774,1,44,win
4488764780489635097,1,40,win
5587809360205744254,1,114,win
9086258437735695871,1,42,win
2601928398871788238,1,43,loss
6031990877867260657,1,29,win
7329043187384743028,1,20,win
1642425481524291595,1,49,win
7215557952011359374,1,46,loss
4126570329047077701,1,31,win
6152199882110336153,1,17,win
3558147748684139491,1,16,win
5706346771341920159,1,41,win
1119173607332683607,1,41,win
2313768036449340132,1,39,loss
5026512037938797530,1,37,win
2330182766340652564,1,93,win
4252475828548964955,1,29,loss
5505830238678940888,1,23,loss
4989329181598880559,1,9,win
6289991130957566336,1,69,loss
5736300555977391538,1,31,win
1314148030829218090,1,43,win
7717012521957482753,1,45,loss
9194176624137763301,1,37,win
6341881325730507001,1,26,win
7630848110065976857,1,70,win
1420367775880427994,1,38,win
3210893070879848780,1,46,win
1888548572636752663,1,34,win
2344283030680532638,1,50,loss
83228504221533205,1,57,win
7106249794997781920,1,67,win
9164289966890558388,1,47,win
5220654716642279228,1,27,loss
8047015278047822525,1,44,win
2208923642933625531,1,30,loss
5917361191677297817,1,16,win
1140479493015227558,1,39,win
3974726968385602096,1,39,win
7404283265068659785,1,103,win
3414394698096395221,1,63,win
1933362544551183390,1,59,win
7127836205988124360,1,33,win
3050790974201452819,1,19,win
1992184205878658008,1,53,loss
8025701109866895494,1,38,win
2742772936176906584,1,37,win
1263331888308446627,1,82,win
2076517543668254130,1,52,win
363346480616698508,1,21,win
7967495605497820842,1,73,loss
8040092868646765721,1,79,loss
5553849735743333969,1,34,win
1134257473433522444,1,33,win
2564383093183436402,1,34,win
3742019063220216914,1,33,win
8478609697326563958,1,28,win
576730282251505909,1,52,win
8830246113295822028,1,33,win
5787042210633021784,1,18,win
2362483001430857772,1,90,loss
8294714339317955582,1,36,win
9110653720815269974,1,49,loss
7579857871951168393,1,96,win
3377961382296012927,1,6,loss
6330613162591016112,1,26,win
4199035280102284753,1,18,win
5797923984868141047,1,31,win
696891154976269586,1,28,win
5699621674187724945,1,49,loss
3616516165142601657,1,84,win
5046599958242941485,1,17,win
7158273882799479516,1,87,loss
5285783887505302652,1,38,win
872067795880492945,1,24,win
2128906764512790798,1,101,win
1985928997010005444,1,16,win
8825042481039077987,1,68,win
1232294299096592061,1,33,win
6177251937662924319,1,42,win
7774186861802267440,1,92,win
4528998450356334267,1,33,win
6224665320827122763,1,21,loss
8008955579005986245,1,88,loss
9213600911806906270,1,104,win
4698799430658465730,1,19,win
5045676239986009461,1,36,win
2371640775543080697,1,21,loss
4212127900968536340,1,50,win
88443106146578350,1,31,win
3967028894461515652,1,22,win
8782299422072382129,1,17,win
6795081189018805100,1,64,loss
3585271665119208497,1,36,win
5839074046137476657,1,41,win
9218742155705453222,1,89,win
4540836971312595374,1,17,win
2126317306855322725,1,34,win
8157643223386998386,1,21,win
6538866455276548380,1,38,win
348260816737346453,1,20,win
5173152656661572328,1,17,win
6135401100194017139,1,143,win
8045797050934383703,1,39,win
3589244689345653745,1,35,win
284248352219580829,1,60,win
1654970583681071626,1,32,win
3043523941647323133,1,68,win
4420348341680027107,1,90,loss
8799128036468665577,1,33,win
3297912414351889622,1,69,loss
4745635517544157946,1,44,win
1061965910574087234,1,41,win
3095904741711846515,1,46,win
6097398515378598669,1,55,win
254596657078883824,1,28,win
7318690628898108428,1,74,win
870511179977234458,1,20,win
3775686002273809559,1,22,win
8418194481175676634,1,27,loss
5275691983091647906,1,72,loss
4625761107620063859,1,59,loss
7094493292307286685,1,25,loss
3876139007473036278,1,29,loss
5833279413465297968,1,9,win
3951975617386875729,1,16,win
7297947270093228993,1,16,loss
5060303457247596352,1,23,win
1876411307129926029,1,19,win
5183892754340096323,1,31,win
3236956941781840552,1,49,loss
550652409312952572,1,58,win
8641059165023201282,1,30,loss
1219675619970802803,1,34,win
2920967418187152286,1,17,win
8521093896635582557,1,36,win
3871374016671772768,1,64,win
6863734463080063619,1,15,loss
8816536022540743001,1,39,win
6371511443506431977,1,22,win
1177734959792487522,1,16,win
9178321363222070694,1,78,win
3128597784769192181,1,31,loss
8813162961347066815,1,30,loss
1989794427781504416,1,23,win
7546765979854569301,1,56,loss
3136250391334494998,1,21,win
5842649006367323987,1,60,loss
7591887101396879112,1,30,win
5780228498774901370,1,22,win
7090538996911283905,1,50,win
8337316959533838009,1,60,win
6174264498213401262,1,9,win
8874649082496468811,1,59,win
581599559673568379,1,35,win
6615458433239224041,1,7,win
158214181934471989,1,34,win
2673528052548671243,1,31,loss
6174718098600881284,1,63,win
5237445234607402170,1,16,win
4207123541457708665,1,41,win
5026808107454302848,1,27,loss
2291522236298682860,1,67,win
8570574403023118704,1,61,win
3585949660771507461,1,36,win
1080204655491270033,1,36,loss
4394809556775846723,1,25,loss
300790339442212934,1,57,win
8732698695739848773,1,17,win
7469279419481902238,1,50,loss
3118214332526270891,1,33,win
8568527240864226720,1,20,loss
5546669222782384319,1,17,win
6973844805036170751,1,69,win
708109636157405494,1,32,win
4875074298388353361,1,36,win
3444681997433378641,1,172,loss
5880735220519483042,1,31,win
255959897012903513,1,39,loss
4152043168895911465,1,81,loss
3447491188337242246,1,33,win
133504100021569866,1,38,win
4372032539594167524,1,36,win
3997013741906710231,1,35,win
5633579510642033903,1,30,win
1485603113490950544,1,25,win
3980253095039828006,1,18,win
5682537998126842782,1,46,win
1650492830044015098,1,23,win
3713788714782877590,1,41,win
5045809667623157224,1,64,win
3992890755786971660,1,46,win
7099090792758983981,1,58,win
1784213022389091587,1,35,win
2363454659103050108,1,34,loss
140627705342656955,1,39,win
4525445288030244787,1,29,win
3958129187103230198,1,5,win
9174473243984252955,1,33,win
796186193825932807,1,16,win
2040198203731892230,1,29,win
7898159522326998914,1,80,win
6763598331444448229,1,51,win
7888665829346675081,1,36,win
8391031373635245603,1,45,win
6711418185881027721,1,24,loss
440486652484779849,1,13,win
8167943848419191547,1,53,loss
3090925629952800381,1,25,loss
8297030864667456805,1,23,win
2162113751722644259,1,33,win
5519464883735590120,1,37,win
1253461800569637702,1,52,win
7483927664044505355,1,17,win
218442006402812713,1,80,win
3322444574386221244,1,54,win
4208694749754788666,1,24,win
5597378693529055115,1,38,loss
8122720222347905082,1,33,win
9072621045087653920,1,32,loss
3394365400432203180,1,24,loss
7803735063227505636,1,30,win
6365867247420199498,1,27,loss
7455309254571868509,1,30,win
478979560345233342,1,28,win
1497666375360941295,1,25,loss
51920950557685148,1,16,loss
967080493362075905,1,17,win
8555315725404316381,1,34,win
58223203550998908,1,50,win
8159506630139755979,1,46,loss
5550629937523950603,1,79,win
6867778064967342168,1,16,win
2277763114389977603,1,37,win
6848713901801812899,1,32,win
3618404012770785791,1,34,win
7960130274809746694,1,32,win
3321310863410414605,1,27,win
6339668736126059222,1,41,win
3493793497692237360,1,29,win
4372655517568999242,1,17,win
1191632087725286842,1,20,win
3306303822691543739,1,42,win
2178656471235654267,1,23,win
8920906061216980630,1,40,win
107019752112278557,1,35,win
3588682473176678341,1,20,loss
55172680965229411,1,63,win
7131104235275244841,1,21,win
5278514245040056901,1,36,loss
6009517693842825938,1,27,win
1676988395780017253,1,32,win
6588436352092323256,1,61,win
5812839059875170438,1,35,win
72441816093663955,1,16,win
6430196649042211471,1,34,win
8910468551884892837,1,55,win
7289376453110700641,1,17,win
4581392071253149454,1,27,win
7020158089505650205,1,42,win
5014376927940952982,1,51,win
9040355133671446307,1,89,loss
4676479842888150657,1,98,loss
100238757171367690,1,38,win
3766664508210908811,1,35,win
1653704289844986257,1,26,win
7547875472557633758,1,28,win
5034514747258448516,1,27,win
2296164465095709303,1,21,win
5201302788671833950,1,78,loss
7305904937807337246,1,42,win
5003634618323312163,1,36,loss
1409157889588672272,1,52,win
4607914427566273523,1,34,win
5880978684805672962,1,28,win
4788313082842408099,1,64,win
5259365820955942240,1,15,loss
4811166001977441490,1,47,win
5034378538399081731,1,28,win
8542727112685287257,1,30,win
4904359759007097450,1,52,loss
2229566246641235624,1,38,win
8946794710797234789,1,25,loss
213146729170571445,1,21,win
1636134953180147115,1,16,win
5858273605082506427,1,30,win
2510849118437024032,1,29,win
1492185562741089724,1,72,win
6513388676146918164,1,29,win
3187879551501788355,1,20,win
7795143400680790660,1,64,win
8320435429482122079,1,39,win
117269859854437504,1,37,win
5550885220047633150,1,45,win
2958140313278646745,1,28,loss
8391081571609521824,1,76,loss
7033824643573768318,1,43,loss
4359591567742032374,1,56,loss
3176678062023426924,1,41,win
7285321555388104237,1,61,win
6576892953128263000,1,106,win
2794700238833251086,1,33,loss
3262195765039601657,1,80,loss
1686883542993309942,1,35,win
690727549291889349,1,26,win
1024667262721949172,1,67,win
2594777366631894981,1,55,win
8398608645475070665,1,17,win
6413978736912925195,1,27,loss
7902150175957252269,1,36,win
3282659046005717861,1,44,loss
9209420684935252015,1,9,win
7388669473940927922,1,35,win
207052975595662822,1,66,win
7634475986926190517,1,25,win
1453443678974857277,1,17,win
4099697962161372271,1,36,win
242991161719655162,1,29,loss
3472910747795844679,1,28,loss
2887329533083633873,1,49,win
3008012622017098425,1,35,win
835997482458992359,1,38,loss
2663998300077891602,1,41,win
1719484522314810380,1,77,win
6996503582538527334,1,66,loss
5192597909009322949,1,34,win
8192930600607713464,1,32,win
7374229866895746068,1,30,win
1657894292231633222,1,62,loss
4041709802796270791,1,16,win
1643708811508004203,1,35,win
2239522226347272944,1,30,win
4067791740611895148,1,34,win
3896391236810854984,1,22,loss
6782291626217329934,1,38,loss
5761823137976337291,1,75,win
3955825152398314234,1,114,win
5047054700991921826,1,68,win
4462953832244213312,1,9,win
844057076644793902,1,63,loss
9183757664434219984,1,44,win
1213807110760464587,1,78,loss
3501936507549721031,1,22,loss
4450119367717740728,1,22,loss
2194920730748659577,1,37,win
5542526988367966953,1,62,win
4789855351064875504,1,33,win
3043665332069566149,1,32,loss
8075977957411526317,1,39,loss
4865425154879002508,1,96,loss
53399488944262368,1,22,win
1197502728435069376,1,47,win
8667521711895435106,1,61,loss
6985518146870828689,1,16,win
2942460152181890854,1,67,win
3925658698450818842,1,33,win
299708087816779700,1,37,loss
1110511226258352562,1,26,win
9005175535506287984,1,69,win
2402922061571592561,1,41,loss
6134698288351951182,1,61,win
4934211159396786671,1,97,loss
2974282104673304426,1,23,loss
1607318357622981219,1,17,win
6347409852828950146,1,27,loss
1374671735915074694,1,32,win
533403013085367736,1,44,win
9010266948599686850,1,26,win
5653445049476342714,1,17,win
8489211882699645711,1,17,win
3351937297741626090,1,39,win
1514379797008620753,1,25,win
5556393221031333662,1,61,win
8289961968206279531,1,31,loss
6430212992179661849,1,29,loss
869938744846363059,1,50,loss
4012208050941666784,1,86,win
1295639247803996430,1,31,win
5362693886278641833,1,29,win
3989593005346998267,1,27,loss
2187565518582296059,1,47,loss
8523531846803729000,1,28,win
2373015140207304172,1,46,win
7028750320397001529,1,51,win
543774418083091109,1,28,loss
2377814199103661108,1,28,win
433262896718202295,1,66,win
7852704974607553449,1,40,win
8001766322798122378,1,17,win
6531765810967151389,1,35,win
4730683871748313621,1,26,win
5226478696198610579,1,32,win
7931727435397808622,1,29,win
2847706384578172781,1,26,win
5277975057533318537,1,14,win
6284958455786926708,1,24,win
584114239503793626,1,90,win
37933852245425164,1,25,win
1433919224808995568,1,72,win
4062230698983236119,1,26,win
368187019960078931,1,39,win
6964403878021044153,1,23,loss
7714146026740732196,1,46,loss
8952971312830536271,1,28,win
2626194463088384819,1,40,win
818464827670265058,1,43,win
3181746450191703881,1,33,loss
1919547072448084438,1,15,win
8776546472528581851,1,29,loss
4443177148113640034,1,30,loss
6389843877872712670,1,33,win
3066353240479961931,1,79,win
5328911855841336731,1,35,win
3239470495564311876,1,36,loss
8305945690768497485,1,30,win
4261576460792815286,1,32,win
7428792574445686701,1,44,loss
8192417497645813660,1,103,win
4325514729620234920,1,5,loss
1211464125482645524,1,32,win
3420291550650651735,1,32,win
6392530817601318134,1,83,win
9017597027434261837,1,21,win
4425059977523568610,1,27,loss
2906509597451523269,1,98,loss
7650542994813203719,1,30,win
3023613232858371600,1,41,win
6080348921152040190,1,41,win
1611599271490931367,1,34,win
7435287186579566513,1,29,win
1297070096650188167,1,40,win
6887213969899863676,1,111,win
8224669448603751039,1,22,win
7261290937911728384,1,44,win
417282916755204286,1,40,loss
6314293075017702705,1,46,win
7197332003382066920,1,42,win
5016366425943791247,1,63,loss
8997501997756654661,1,85,loss
4292869165065599268,1,47,win
2925906297841545926,1,41,win
1558793803113247441,1,54,win
6645513276314257831,1,47,win
2512740269851453496,1,16,win
3076701863238276924,1,43,win
9150986587326296754,1,30,loss
1883318215030151045,1,36,win
8104464724600896744,1,20,win
6496685755079966761,1,30,win
5019070095201204759,1,28,win
8736343306718805233,1,13,win
6473657685678133277,1,50,win
3797611378601079399,1,69,win
6662126670922348374,1,24,win
8163245856623661855,1,73,win
6720186305157353982,1,31,win
5334776455991079400,1,44,win
4099087572650569622,1,46,loss
8688966233171527604,1,9,win
3965622692973023554,1,18,win
7653011594752987965,1,47,loss
484275018888032120,1,59,win
1537586877462858581,1,25,win
5578347189352778550,1,52,win
3359906130102893421,1,17,win
4503843011305775559,1,39,win
6968288010531028414,1,20,win
294117536199639217,1,34,win
4244949587343790041,1,25,loss
2562744690824724858,1,68,win
3974545305520572933,1,40,win
1247811176615590485,1,70,loss
3600639915206274046,1,30,win
8908203645554105260,1,36,win
7733059837512438420,1,59,loss
568916164697405582,1,18,win
7953006689632536148,1,27,loss
5136035630665350863,1,41,win
8473251648312324986,1,29,win
3748576515535783850,1,45,win
2293264599236242639,1,61,win
7232092339073997118,1,27,win
8312043759230459701,1,120,loss
9159989244657081113,1,32,win
1757226176074846418,1,17,win
605584391997562155,1,15,win
3765533482421970341,1,28,win
5933614615443109521,1,28,loss
1799649174188838959,1,49,win
5094463532276084325,1,22,win
3558792594398453349,1,38,win
7132804697860787817,1,17,win
9125245385825107459,1,27,win
2009238347202833495,1,55,win
329873385922186760,1,18,win
4803667801766568270,1,55,win
5675302421236746213,1,21,loss
8289868613094353645,1,21,loss
4407639395531023026,1,31,win
8900098589228762485,1,39,win
4371371326143881340,1,23,win
2477933650254551493,1,24,win
6790881281908642971,1,82,win
203255536143650291,1,30,win
1651978987430235672,1,33,win
573291240543896905,1,25,win
6949339950361856779,1,87,win
1626700589021333125,1,32,win
588164270077826004,1,16,win
88,loss
